category	phrase	translation_tr	definition	example
Idioms	a blessing in disguise	görünüşte kötü ama hayırlı bir durum	Something that seems bad at first but produces a good result.	Losing that job was a blessing in disguise because it pushed her to start a successful business.
Idioms	a double-edged sword	iki ucu keskin kılıç	Something that has both advantages and harmful consequences.	Remote work can be a double-edged sword: it offers freedom but can increase isolation.
Idioms	a far cry from	çok farklı olmak	Very different from something else, usually in a disappointing way.	The final product was a far cry from the ambitious prototype we were shown.
Idioms	a grey area	belirsiz alan	A situation in which the rules or facts are unclear.	The law remains a grey area when it comes to ownership of AI-generated work.
Idioms	a necessary evil	kaçınılmaz kötülük	An unpleasant thing that must be accepted to achieve a result.	Most employees regard the weekly paperwork as a necessary evil.
Idioms	a slippery slope	tehlikeli bir gidişat	A course of action likely to lead to increasingly serious problems.	Allowing one exception could put the committee on a slippery slope.
Idioms	add fuel to the fire	ateşe körükle gitmek	To make an already difficult situation worse.	His sarcastic reply only added fuel to the fire during the negotiations.
Idioms	at the drop of a hat	bir anda, hemen	Immediately and without needing any preparation.	She is prepared to travel abroad at the drop of a hat.
Idioms	back to square one	en başa dönmek	Back to the beginning after an attempt has failed.	When the funding was withdrawn, the research team was back to square one.
Idioms	bend over backwards	elinden gelenin fazlasını yapmak	To make an exceptional effort to help or please someone.	The support team bent over backwards to resolve the issue before launch.
Idioms	bite off more than you can chew	boyundan büyük işe kalkışmak	To accept more responsibility than you can manage.	By leading three projects at once, he bit off more than he could chew.
Idioms	break the ice	buzları eritmek	To make people feel more relaxed in a new social situation.	The facilitator used a short game to break the ice before the workshop.
Idioms	burn the midnight oil	gece geç saatlere kadar çalışmak	To work or study until very late at night.	We burned the midnight oil to finish the proposal before the deadline.
Idioms	by the skin of your teeth	kıl payı	Only just; by the narrowest possible margin.	The company avoided bankruptcy by the skin of its teeth.
Idioms	call it a day	bugünlük bitirmek	To stop working on something for the rest of the day.	We have solved the main problem, so let's call it a day.
Idioms	cut corners	işi ucuza veya özensiz yapmak	To save time or money by doing something less thoroughly.	The contractor cut corners, and the defects became obvious within months.
Idioms	draw the line	sınır koymak	To set a limit on what you are willing to do or accept.	I am willing to negotiate, but I draw the line at compromising safety.
Idioms	get cold feet	son anda cesaretini kaybetmek	To become too nervous to do something that was planned.	She got cold feet shortly before signing the partnership agreement.
Idioms	get the ball rolling	işi başlatmak	To start an activity or process.	A preliminary meeting will get the ball rolling on the new strategy.
Idioms	go against the grain	alışılmışın tersine gitmek	To conflict with what is normal or with someone's principles.	His decision to share the data openly went against the grain in that industry.
Idioms	hit the nail on the head	tam isabet etmek	To describe the exact cause or truth of a situation.	You hit the nail on the head when you said the problem was poor communication.
Idioms	in the long run	uzun vadede	Over a long period of time rather than immediately.	Investing in staff training will save money in the long run.
Idioms	keep something at bay	bir şeyi uzakta tutmak	To prevent a problem or threat from approaching or worsening.	Regular maintenance helped keep major technical failures at bay.
Idioms	leave no stone unturned	her yolu denemek	To make every possible effort to find or achieve something.	Investigators promised to leave no stone unturned in their search for evidence.
Idioms	miss the boat	fırsatı kaçırmak	To be too late to take advantage of an opportunity.	Companies that ignore renewable energy may miss the boat entirely.
Idioms	on the same wavelength	aynı fikirde olmak	To understand someone well because you think in a similar way.	The designers were on the same wavelength from the start of the project.
Idioms	play devil's advocate	karşı görüşü savunarak tartışmayı sınamak	To argue against an idea in order to test it, even if you agree with it.	Let me play devil's advocate and question whether demand will remain stable.
Idioms	pull strings	torpil veya nüfuz kullanmak	To use personal influence to make something happen.	He denied pulling strings to secure the appointment.
Idioms	put all your eggs in one basket	tüm umutları tek seçeneğe bağlamak	To depend entirely on one plan or resource.	Relying on a single client means putting all your eggs in one basket.
Idioms	read between the lines	satır aralarını okumak	To understand a meaning that is implied rather than stated.	Reading between the lines, the report suggests that further cuts are likely.
Idioms	rule of thumb	genel pratik kural	A practical guideline based on experience rather than exact science.	As a rule of thumb, keep an emergency fund covering three months of expenses.
Idioms	see eye to eye	aynı fikirde olmak	To agree fully with someone.	The two departments do not always see eye to eye on spending priorities.
Idioms	sit on the fence	kararsız kalmak	To avoid choosing between two sides of an argument.	Policy makers can no longer sit on the fence about data privacy.
Idioms	take something with a pinch of salt	şüpheyle yaklaşmak	To avoid believing something completely.	You should take anonymous online reviews with a pinch of salt.
Idioms	the tip of the iceberg	buzdağının görünen kısmı	A small visible part of a much larger problem.	The reported cases may be only the tip of the iceberg.
Idioms	throw in the towel	pes etmek	To stop trying because success seems impossible.	Despite several setbacks, the team refused to throw in the towel.
Idioms	under the weather	keyifsiz veya hasta hissetmek	Feeling slightly ill or lacking energy.	I have been feeling under the weather since returning from the conference.
Idioms	up in the air	belirsiz olmak	Not yet decided or resolved.	The location of the new office is still up in the air.
Idioms	weather the storm	zor dönemi atlatmak	To survive a difficult period without serious damage.	The firm reduced costs and managed to weather the storm.
Idioms	a wake-up call	uyarı niteliğinde olay	An event that makes people recognize an urgent problem.	The security breach was a wake-up call for the entire organization.
Idioms	cross that bridge when we come to it	zamanı gelince ilgilenmek	To deal with a problem only when it actually arises.	We may need a larger office, but we will cross that bridge when we come to it.
Idioms	have a lot on your plate	başında çok işi olmak	To have many tasks or responsibilities at the same time.	I cannot take on another assignment because I already have a lot on my plate.
Idioms	jump on the bandwagon	popüler olana katılmak	To join a popular activity or trend after it becomes successful.	Several competitors jumped on the bandwagon once the service became profitable.
Idioms	keep your cards close to your chest	planlarını gizli tutmak	To keep your plans or intentions secret.	During the talks, both sides kept their cards close to their chest.
Idioms	make ends meet	geçimini sağlamak	To have just enough money to pay for basic needs.	Many families took additional work simply to make ends meet.
Idioms	move the goalposts	kuralları sonradan değiştirmek	To change the rules or requirements unfairly during a process.	The client kept moving the goalposts after each revision.
Idioms	put your foot in your mouth	pot kırmak	To say something embarrassing or offensive by mistake.	I put my foot in my mouth by asking about a project that had been cancelled.
Idioms	steal someone's thunder	başkasının başarısının önüne geçmek	To take attention or praise that should belong to someone else.	The early announcement stole the researcher's thunder.
Idioms	take the bull by the horns	sorunun üzerine cesaretle gitmek	To deal with a difficult situation directly and confidently.	She took the bull by the horns and confronted the budget problem immediately.
Idioms	the elephant in the room	herkesin kaçındığı bariz sorun	An obvious major problem that people avoid discussing.	The declining sales figures were the elephant in the room at the meeting.
Phrasal verbs	account for	açıklamak; oranını oluşturmak	To explain the reason for something or form a particular proportion.	Online purchases account for nearly half of the company's revenue.
Phrasal verbs	back up	desteklemek; yedeklemek	To support a claim with evidence or make a copy of data.	Every conclusion in the report must be backed up by reliable evidence.
Phrasal verbs	boil down to	özünde ... olmak	To have one main or essential cause or meaning.	The disagreement boils down to how the available funds should be allocated.
Phrasal verbs	break down	bozulmak; parçalara ayırmak	To stop functioning or divide something into smaller parts for analysis.	The figures are broken down by age, region, and income.
Phrasal verbs	bring about	yol açmak	To cause a significant change or event to happen.	The reforms brought about a gradual improvement in working conditions.
Phrasal verbs	brush up on	bilgisini tazelemek	To improve knowledge or a skill that has become less familiar.	I need to brush up on my French before the negotiations in Paris.
Phrasal verbs	call off	iptal etmek	To cancel an event or planned activity.	The organizers called off the outdoor event because of the storm.
Phrasal verbs	carry out	gerçekleştirmek	To perform or complete a task, study, or instruction.	An independent team will carry out a full investigation.
Phrasal verbs	catch up on	eksiğini kapatmak	To do something that you did not have time to do earlier.	I used the quiet afternoon to catch up on unanswered emails.
Phrasal verbs	come across	tesadüfen rastlamak	To find or meet something unexpectedly.	While reviewing the archive, she came across an unpublished letter.
Phrasal verbs	come up against	bir engelle karşılaşmak	To face a difficult problem, opponent, or restriction.	The proposal came up against strong resistance from local residents.
Phrasal verbs	come up with	bulmak, üretmek	To think of an idea, answer, or plan.	The engineers came up with a less expensive solution.
Phrasal verbs	crack down on	sert önlem almak	To take strong official action against unwanted or illegal activity.	Authorities have promised to crack down on misleading advertisements.
Phrasal verbs	cut back on	azaltmak	To reduce the amount or frequency of something.	The organization is cutting back on travel to reduce emissions.
Phrasal verbs	do away with	ortadan kaldırmak	To abolish or stop using something.	The new system does away with the need for paper forms.
Phrasal verbs	draw up	hazırlamak	To prepare a formal document, plan, or list.	The lawyers drew up a revised contract for both parties.
Phrasal verbs	dwell on	üzerinde uzun uzun durmak	To keep thinking or talking about something, especially something negative.	There is little value in dwelling on mistakes that cannot be changed.
Phrasal verbs	fall back on	son çare olarak başvurmak	To use something as an alternative when other options fail.	If negotiations collapse, the company can fall back on its existing agreement.
Phrasal verbs	figure out	çözmek, anlamak	To understand or find the answer to a problem.	Researchers are trying to figure out why the treatment works for some patients.
Phrasal verbs	follow through on	sonuna kadar uygulamak	To do what you promised or complete a planned action.	The board must follow through on its commitment to transparency.
Phrasal verbs	get across	anlatabilmek	To communicate an idea successfully.	The documentary gets across the scale of the crisis without exaggeration.
Phrasal verbs	get around to	sonunda vakit bulmak	To finally do something after delaying it.	I finally got around to reading the full consultation paper.
Phrasal verbs	get away with	yanına kalmak	To avoid punishment after doing something wrong.	Companies should not be allowed to get away with hiding essential fees.
Phrasal verbs	get by	idare etmek	To manage with limited money, knowledge, or resources.	Small businesses struggled to get by during the downturn.
Phrasal verbs	bear out	doğrulamak; desteklemek	To support a statement or prediction with evidence.	The latest survey bears out our earlier prediction about changing demand.
Phrasal verbs	go over	ayrıntılı incelemek	To examine or review something carefully.	Let us go over the evidence once more before reaching a conclusion.
Phrasal verbs	iron out	pürüzleri gidermek	To resolve small problems or disagreements.	The teams met to iron out the final technical issues.
Phrasal verbs	keep up with	ayak uydurmak	To remain at the same level or speed as someone or something.	Regulators are struggling to keep up with technological change.
Phrasal verbs	lay off	işten çıkarmak	To end workers' employment because there is not enough work or money.	The manufacturer may have to lay off several hundred employees.
Phrasal verbs	live up to	beklentiyi karşılamak	To be as good as expected or promised.	The sequel failed to live up to the standards set by the original film.
Phrasal verbs	look down on	küçümsemek	To consider someone or something inferior.	No profession should be looked down on simply because it involves manual work.
Phrasal verbs	look into	araştırmak	To investigate or examine a problem.	A parliamentary committee will look into the allegations.
Phrasal verbs	make up for	telafi etmek	To compensate for something unpleasant or missing.	The excellent location makes up for the apartment's limited space.
Phrasal verbs	narrow down	seçenekleri azaltmak	To reduce a list of possibilities to a smaller number.	We narrowed the candidates down to a shortlist of four.
Phrasal verbs	phase out	kademeli olarak kaldırmak	To stop using something gradually.	The country plans to phase out coal-fired power stations.
Phrasal verbs	point out	dikkat çekmek	To state or draw attention to a fact.	Several reviewers pointed out a flaw in the methodology.
Phrasal verbs	put forward	öne sürmek	To formally propose an idea, plan, or candidate.	The committee put forward three alternatives for public consultation.
Phrasal verbs	put off	ertelemek; soğutmak	To delay an activity or make someone dislike something.	The decision was put off until more evidence became available.
Phrasal verbs	rule out	ihtimal dışı bırakmak	To decide that something is impossible or unsuitable.	Doctors have not yet ruled out an underlying infection.
Phrasal verbs	run into	beklenmedik bir sorunla karşılaşmak	To encounter a person or problem unexpectedly.	The construction project ran into legal difficulties.
Phrasal verbs	set out	ortaya koymak; yola çıkmak	To explain a plan clearly or begin a journey or task.	The report sets out a practical framework for reform.
Phrasal verbs	stand by	desteklemek; hazır beklemek	To continue supporting someone or remain ready to act.	The organization stood by its earlier commitment.
Phrasal verbs	stem from	kaynaklanmak	To be caused by or originate from something.	Many of the delays stem from a shortage of trained staff.
Phrasal verbs	take on	üstlenmek	To accept responsibility, work, or a particular role.	She took on the task of rebuilding the department.
Phrasal verbs	turn down	reddetmek; kısmak	To reject an offer or reduce volume, heat, or power.	He turned down the promotion because it required constant travel.
Phrasal verbs	turn out	sonuçlanmak; ortaya çıkmak	To develop in a particular way or be discovered to be true.	The initial estimates turned out to be far too optimistic.
Phrasal verbs	weigh up	artı ve eksilerini değerlendirmek	To consider the advantages and disadvantages before deciding.	Investors are weighing up the risks of entering the market.
Phrasal verbs	work out	çözmek; iyi sonuçlanmak	To find a solution or develop successfully.	We need to work out how the costs will be shared.
Phrasal verbs	zero in on	odaklanmak	To direct all attention toward a specific target or issue.	The investigation zeroed in on irregular payments.
Phrasal verbs	pull off	zor bir işi başarmak	To succeed in doing something difficult or unexpected.	The team pulled off a remarkable recovery in the final quarter.
Reusable patterns	It is widely believed that...	Yaygın olarak ... olduğuna inanılır	Used to introduce a commonly held belief without naming specific people.	It is widely believed that early intervention produces better long-term outcomes.
Reusable patterns	There is growing concern that...	... konusunda artan bir endişe var	Used to introduce an issue that is causing increasing public or expert anxiety.	There is growing concern that the policy may deepen regional inequality.
Reusable patterns	This raises the question of whether...	Bu, ... olup olmadığı sorusunu gündeme getirir	Used to introduce a logical question created by the previous point.	This raises the question of whether the current model is financially sustainable.
Reusable patterns	From my perspective,...	Benim bakış açıma göre	Used to state a considered personal viewpoint.	From my perspective, the benefits outweigh the short-term costs.
Reusable patterns	To a certain extent,...	Bir dereceye kadar	Used to show partial agreement or limited truth.	To a certain extent, the criticism is justified.
Reusable patterns	It is worth noting that...	... olduğunu belirtmek gerekir	Used to draw attention to an important supporting detail.	It is worth noting that the survey excluded part-time workers.
Reusable patterns	Contrary to popular belief,...	Yaygın inanışın aksine	Used to challenge a belief that many people accept.	Contrary to popular belief, the process does not require specialist equipment.
Reusable patterns	In light of...	... ışığında	Used to show that a decision or opinion is based on new information.	In light of the latest evidence, the guidelines have been revised.
Reusable patterns	With regard to...	... ile ilgili olarak	Used to introduce the specific subject being discussed.	With regard to funding, no final decision has been made.
Reusable patterns	In terms of...	... açısından	Used to focus on one particular aspect of a subject.	In terms of reliability, the newer system performs significantly better.
Reusable patterns	On the one hand..., on the other hand...	Bir yandan..., diğer yandan...	Used to contrast two different sides of an issue.	On the one hand, the plan saves money; on the other hand, it reduces flexibility.
Reusable patterns	Not only..., but also...	Yalnızca... değil, aynı zamanda...	Used to emphasize that two related statements are both true.	The reform not only reduced costs but also improved access.
Reusable patterns	The more..., the more...	Ne kadar..., o kadar...	Used to show that two things change together.	The more transparent the process is, the more likely people are to trust it.
Reusable patterns	Had it not been for...	... olmasaydı	An inverted conditional used to describe a different past result.	Had it not been for her intervention, the agreement would have collapsed.
Reusable patterns	Were it not for...	... olmasaydı	A formal conditional used to identify the factor preventing another result.	Were it not for the high cost, the technology would be adopted more widely.
Reusable patterns	There is no denying that...	... olduğu inkâr edilemez	Used to emphasize that a fact is impossible to dispute.	There is no denying that public expectations have changed.
Reusable patterns	It goes without saying that...	Söylemeye gerek yok ki	Used to introduce something considered obvious.	It goes without saying that confidential data must be protected.
Reusable patterns	What matters most is...	En önemli olan...	Used to identify the most important consideration.	What matters most is whether the solution works in practice.
Reusable patterns	The extent to which...	... ne ölçüde	Used to discuss the degree to which something is true or effective.	The study examines the extent to which income affects educational outcomes.
Reusable patterns	This can be attributed to...	Bu, ... ile açıklanabilir	Used to identify a likely cause of a result.	The improvement can be attributed to better staff training.
Reusable patterns	This is largely due to...	Bu büyük ölçüde ... nedeniyledir	Used to introduce the main cause of something.	The decline is largely due to changing consumer habits.
Reusable patterns	One possible explanation is that...	Olası bir açıklama şudur ki	Used to offer a cautious explanation rather than a certain conclusion.	One possible explanation is that participants misunderstood the instructions.
Reusable patterns	A key distinction lies in...	Temel ayrım ... noktasındadır	Used to identify an important difference between two things.	A key distinction lies in how the two models treat uncertainty.
Reusable patterns	It remains to be seen whether...	... olup olmayacağı henüz belli değil	Used when the future result is still uncertain.	It remains to be seen whether the measures will have a lasting effect.
Reusable patterns	There is little doubt that...	... olduğuna pek şüphe yok	Used to express strong confidence in a claim.	There is little doubt that automation will reshape the industry.
Reusable patterns	By no means...	Hiçbir şekilde...	Used to strongly reject an idea, often with inverted word order.	By no means should these findings be treated as conclusive.
Reusable patterns	Under no circumstances...	Hiçbir koşulda...	Used to state a strong prohibition, often followed by inversion.	Under no circumstances should personal records be shared without consent.
Reusable patterns	Only after... did...	Ancak ... olduktan sonra...	An inverted structure emphasizing that something happened later.	Only after the audit did the scale of the problem become clear.
Reusable patterns	Little did... know...	... hiç bilmiyordu ki	An inverted structure showing that someone was unaware of what would happen.	Little did they know that the decision would transform the entire sector.
Reusable patterns	No sooner had... than...	... olur olmaz...	Used to show that one past event happened immediately after another.	No sooner had the announcement been made than objections began to appear.
Reusable patterns	Hardly had... when...	Henüz ... olmuştu ki...	Used to show that a second event followed almost immediately.	Hardly had the meeting started when the fire alarm went off.
Reusable patterns	Much as...	Her ne kadar...	Used to introduce a strong concession before a contrasting statement.	Much as I appreciate the effort, the proposal still needs substantial revision.
Reusable patterns	While it may be true that...	... doğru olabilir ancak	Used to acknowledge a point before presenting a limitation or contrast.	While it may be true that demand is rising, supply remains unpredictable.
Reusable patterns	That said,...	Bununla birlikte	Used to qualify or contrast what was just stated.	The approach is expensive. That said, it has produced consistently strong results.
Reusable patterns	Be that as it may,...	Öyle olsa bile	A formal way to accept a point before returning to a different argument.	Be that as it may, the organization still has a duty to investigate.
Reusable patterns	For the sake of...	... uğruna	Used when an action is taken to protect or benefit something.	For the sake of clarity, the two issues should be discussed separately.
Reusable patterns	At the expense of...	... pahasına	Used when one benefit causes harm or loss to something else.	Economic growth should not come at the expense of public health.
Reusable patterns	In the absence of...	... yokluğunda	Used to describe what happens when something is unavailable.	In the absence of reliable data, the estimates remain highly uncertain.
Reusable patterns	In response to...	... yanıt olarak	Used to identify the event or request that caused an action.	In response to public criticism, the agency published the full report.
Reusable patterns	In keeping with...	... ile uyumlu olarak	Used to show that something follows a principle, tradition, or style.	In keeping with company policy, all applications were reviewed anonymously.
Reusable patterns	Regardless of whether...	... olup olmadığına bakılmaksızın	Used when the result does not depend on a condition.	The rule applies regardless of whether the transaction was completed online.
Reusable patterns	Provided that...	... koşuluyla	Used to state a condition that must be satisfied.	Employees may work remotely provided that their manager approves the arrangement.
Reusable patterns	As long as...	... olduğu sürece	Used to state the condition under which something is acceptable.	The method is reliable as long as the samples are stored correctly.
Reusable patterns	Insofar as...	... olduğu ölçüde	A formal phrase limiting a statement to a particular degree or aspect.	The policy is effective insofar as it addresses immediate risks.
Reusable patterns	To the best of my knowledge,...	Bildiğim kadarıyla	Used to make a claim while acknowledging that your information may be incomplete.	To the best of my knowledge, no formal complaint has been submitted.
Reusable patterns	As far as ... is concerned,...	... söz konusu olduğunda	Used to focus a statement on one person, subject, or aspect.	As far as data security is concerned, the proposal lacks sufficient detail.
Reusable patterns	There is a tendency for... to...	... eğilimi vardır	Used to describe a recurring or general pattern.	There is a tendency for temporary measures to become permanent.
Reusable patterns	It would be misleading to claim that...	... olduğunu iddia etmek yanıltıcı olur	Used to reject an oversimplified or inaccurate conclusion.	It would be misleading to claim that one factor caused the entire decline.
Reusable patterns	This should not be confused with...	Bu, ... ile karıştırılmamalıdır	Used to distinguish a concept from a similar but different one.	Efficiency should not be confused with simply working faster.
Reusable patterns	Having said that,...	Bunu söyledikten sonra; yine de	Used to introduce a contrast or qualification after making a point.	The evidence is limited. Having said that, the initial results are encouraging.
