phrase	register	topic	usage
a blessing in disguise	Neutral	Change & decisions	Usually follows 'be' or 'turn out to be'. Explain the later benefit, not just the initial problem.
a double-edged sword	Neutral	Change & decisions	Use when the same thing brings both a benefit and a risk. Spell double-edged with a hyphen.
a far cry from	Neutral	Opinions & evidence	Pattern: be a far cry from something. Usually emphasizes a large difference in quality or conditions.
a grey area	Neutral	Opinions & evidence	Use for unclear rules or boundaries. American spelling: a gray area.
a necessary evil	Neutral	Change & decisions	Use for something undesirable that you accept as part of achieving a goal.
a slippery slope	Neutral	Change & decisions	Pattern: a slippery slope to/towards something. Explain the feared chain of consequences.
add fuel to the fire	Neutral	People & conflict	The fire represents an existing conflict. Usually used critically about a response that makes it worse.
at the drop of a hat	Informal	Change & decisions	Describes willingness to act immediately, without much notice or preparation.
back to square one	Neutral	Work & results	Pattern: be/go back to square one. Often used after a plan or attempt fails.
bend over backwards	Informal	People & conflict	Pattern: bend over backwards to help someone. It emphasizes unusually great effort.
bite off more than you can chew	Informal	Work & results	Use when someone accepts a task or responsibility that exceeds their capacity.
break the ice	Neutral	People & conflict	Use for making the first conversation easier in a new or awkward social situation.
burn the midnight oil	Informal	Work & results	Describes working or studying late at night. It often sounds slightly playful.
by and large	Neutral	Opinions & evidence	A sentence adverb meaning generally. Usually followed by a comma at the start of a sentence.
call it a day	Informal	Work & results	Means stop working for now, not necessarily abandon the project permanently.
cut corners	Neutral	Work & results	Usually critical: save effort or money by skipping steps that matter for quality or safety.
cut to the chase	Informal	Communication	Use to move directly to the main point. It can sound impatient if said too abruptly.
draw the line	Neutral	People & conflict	Patterns: draw the line at something; draw the line between A and B.
every cloud has a silver lining	Informal	Change & decisions	A complete saying used to encourage someone by pointing to a possible benefit.
get the ball rolling	Neutral	Work & results	Use for taking the first action that starts a process or discussion.
go the extra mile	Neutral	Work & results	Pattern: go the extra mile for someone or to do something. Emphasizes effort beyond what is required.
hit the nail on the head	Informal	Opinions & evidence	Use when a comment identifies the exact issue or gives an accurate explanation.
in a nutshell	Neutral	Communication	Introduces a short explanation of the essential point. Often appears at the beginning or end.
in the long run	Neutral	Change & decisions	Refers to results over a long period, rather than an immediate effect.
jump on the bandwagon	Informal	People & conflict	Often critical: join a popular trend mainly because others are doing it.
keep someone in the loop	Neutral	Communication	The person goes between 'keep' and 'in the loop'. Use 'keep me in the loop' for updates.
leave no stone unturned	Neutral	Work & results	Pattern: leave no stone unturned in a search or effort to solve something.
let the cat out of the bag	Informal	Communication	Usually means reveal a secret accidentally or earlier than intended.
miss the boat	Informal	Change & decisions	Use when an opportunity has passed because someone acted too late.
on the fence	Informal	Change & decisions	Pattern: be/sit on the fence about an issue. Means undecided, not physically sitting.
once in a blue moon	Informal	Change & decisions	An adverbial expression meaning very rarely. It normally describes frequency.
out of the blue	Neutral	Change & decisions	Describes an event or message that arrives unexpectedly, without warning.
play devil's advocate	Neutral	Opinions & evidence	Introduce an opposing argument to test the reasoning, even if you do not personally agree with it.
pull someone's leg	Informal	Communication	Means tease someone by pretending a false claim is true. It is usually friendly.
put all your eggs in one basket	Neutral	Change & decisions	Often used as advice against relying entirely on one option or investment.
read between the lines	Neutral	Communication	Pattern: read between the lines of a message. Infer meaning that is not stated directly.
see eye to eye	Neutral	People & conflict	Pattern: see eye to eye with someone on/about something. Means agree.
sit on the fence	Informal	Change & decisions	Pattern: sit on the fence over/about an issue. Often implies avoiding a clear commitment.
the ball is in your court	Neutral	Change & decisions	The possessive changes: my/your/their court. It is now that person's turn to decide or act.
the tip of the iceberg	Neutral	Opinions & evidence	The visible part is small; the hidden problem or issue is much larger.
throw in the towel	Informal	Work & results	Means stop trying after repeated difficulty. Often implies admitting defeat.
under the weather	Informal	People & conflict	Usually follows 'feel' or 'be' and means mildly unwell.
up in the air	Neutral	Change & decisions	Use for plans or decisions that are not yet settled.
keep your cards close to your chest	Neutral	Communication	The possessive changes with the subject. Used for deliberately withholding plans or intentions.
make ends meet	Neutral	Work & results	Describes earning enough for basic expenses; it often suggests financial difficulty.
move the goalposts	Neutral	People & conflict	Usually critical: change requirements after another person has already begun trying to meet them.
put your foot in your mouth	Informal	Communication	The possessive changes with the subject. British English also commonly uses 'put your foot in it'.
steal someone's thunder	Informal	People & conflict	Someone's thunder is their moment of attention or praise. Use for an announcement that overshadows it.
take the bull by the horns	Neutral	Change & decisions	Use when someone tackles a difficult issue directly instead of delaying it.
the elephant in the room	Neutral	People & conflict	Use for a major, obvious issue that people are deliberately avoiding.
account for	Neutral	Opinions & evidence	Keep the object after 'for': account for the difference. Can also describe a share of a total.
back up	Neutral	Opinions & evidence	Separable with an object: back a claim up / back it up. The evidence sense differs from backing up files.
boil down to	Neutral	Opinions & evidence	Keep the complement after 'to': it boils down to cost / choosing priorities.
break down	Neutral	Work & results	In the analysis sense it is separable: break the costs down / break them down. A machine can also break down without an object.
bring about	Neutral	Change & decisions	Separable: bring about change / bring change about. With a pronoun, use 'bring it about'.
brush up on	Neutral	Work & results	Keep the skill after 'on': brush up on your English. Refers to refreshing existing knowledge.
call off	Neutral	Work & results	Separable: call the meeting off / call it off. Usually describes cancellation rather than postponement.
carry out	Neutral	Work & results	Separable: carry out an investigation / carry it out. Common with tasks, research, and instructions.
catch up on	Neutral	Work & results	Keep the object after 'on': catch up on reading. Means complete work missed earlier.
come across	Neutral	Change & decisions	In the discovery sense, keep the object after 'across'. 'Come across as' describes an impression.
come up against	Neutral	People & conflict	Keep the obstacle after 'against': come up against resistance. Common with problems and opposition.
come up with	Neutral	Work & results	Keep the idea after 'with': come up with a solution. Avoid separating the three-word unit.
crack down on	Neutral	People & conflict	Keep the target after 'on': crack down on fraud. Often used for official enforcement.
cut back on	Neutral	Change & decisions	Keep the activity after 'on': cut back on spending / eating sugar. Means reduce, not necessarily stop.
do away with	Neutral	Change & decisions	Keep the object after 'with': do away with unnecessary forms. Means remove or abolish.
draw up	Neutral	Work & results	Separable: draw up a contract / draw it up. Usually used for formal written plans or documents.
dwell on	Neutral	People & conflict	Keep the subject after 'on': dwell on the past. Often warns against prolonged negative thinking.
fall back on	Neutral	Change & decisions	Keep the reserve option after 'on': fall back on savings. Use when a preferred option fails.
figure out	Neutral	Opinions & evidence	Separable: figure the answer out / figure it out. Also followed by a question clause: figure out why.
follow through on	Neutral	Work & results	Keep the promise or plan after 'on'. Emphasizes completing what was started or promised.
get across	Neutral	Communication	Separable: get the point across / get it across. Pattern: get an idea across to someone.
get around to	Neutral	Work & results	Follow 'to' with a noun or -ing form: get around to replying, not 'to reply'.
get away with	Neutral	People & conflict	Follow 'with' with a noun or -ing form: get away with cheating. Means avoid consequences.
get by	Neutral	Work & results	Usually without a direct object. Patterns: get by on a small income; get by with basic English.
bear out	Formal	Opinions & evidence	Separable: bear out a prediction / bear it out. Subject is often evidence or later events.
go over	Neutral	Opinions & evidence	In the review sense, keep the material after 'over': go over the report.
iron out	Neutral	Work & results	Separable: iron out the problems / iron them out. Usually used for remaining minor difficulties.
keep up with	Neutral	Change & decisions	Keep the person, pace, or change after 'with'. Can describe staying informed or matching speed.
lay off	Neutral	Work & results	Separable: lay workers off / lay them off. The employment sense is not the same as firing for misconduct.
live up to	Neutral	Work & results	Keep the standard after 'to': live up to expectations. Usually evaluates promised or expected quality.
look down on	Neutral	People & conflict	Keep the person or group after 'on'. Expresses an attitude of superiority.
look into	Neutral	Opinions & evidence	Keep the matter after 'into': look into a complaint. Refers to investigation, not merely looking at it.
make up for	Neutral	Change & decisions	Keep the loss after 'for': make up for lost time. Means compensate rather than invent a story.
narrow down	Neutral	Opinions & evidence	Separable: narrow the options down / narrow them down. Pattern: narrow something down to a shortlist.
phase out	Neutral	Change & decisions	Separable: phase a product out / phase it out. Describes gradual removal rather than an immediate ban.
point out	Neutral	Communication	Separable with nouns: point a mistake out / point it out. Also followed by 'that' or a question clause.
put forward	Neutral	Communication	Separable: put a proposal forward / put it forward. Common in formal discussion.
put off	Neutral	Change & decisions	Separable: put the meeting off / put it off. With an activity: put off making a decision.
rule out	Neutral	Opinions & evidence	Separable: rule an option out / rule it out. Also followed by -ing: rule out moving abroad.
run into	Neutral	Change & decisions	Keep the person or problem after 'into': run into difficulties. The meeting is usually unexpected.
set out	Neutral	Communication	Separable in the explain sense: set out the rules / set them out. 'Set out to do' describes an intention.
stand by	Neutral	People & conflict	In the support sense, keep the person or decision after 'by': stand by your team.
stem from	Neutral	Opinions & evidence	Keep the cause after 'from': stem from a misunderstanding. The subject is the resulting problem.
take on	Neutral	Work & results	Separable: take on a task / take it on. Can also mean hire someone or acquire a quality.
turn down	Neutral	Change & decisions	Separable: turn an offer down / turn it down. Rejection is distinct from reducing volume.
turn out	Neutral	Opinions & evidence	In the result sense: turn out to be true; turn out well; it turns out that... No direct object is needed.
weigh up	Neutral	Change & decisions	Separable: weigh the options up / weigh them up. Often followed by risks, costs, or alternatives.
work out	Neutral	Work & results	Separable in the solve sense: work the answer out / work it out. It can also mean exercise or end successfully.
zero in on	Neutral	Opinions & evidence	Keep the target after 'on': zero in on the main issue. Emphasizes focused attention.
pull off	Neutral	Work & results	Separable: pull off a difficult task / pull it off. Often implies an impressive or unexpected success.
It is widely believed that...	Formal	Opinions & evidence	Follow 'that' with a complete clause. Use a source or attribution when the claim needs evidence.
There is growing concern that...	Formal	Opinions & evidence	Follow 'that' with a full clause. 'Concern about' is followed by a noun or -ing form instead.
This raises the question of whether...	Formal	Opinions & evidence	Use statement word order after 'whether': whether the plan is viable, not 'whether is the plan viable'.
From my perspective,...	Neutral	Opinions & evidence	Use a comma before the main clause. Useful for stating a viewpoint without claiming universal agreement.
To a certain extent,...	Neutral	Opinions & evidence	Qualifies a claim or agreement. Explain the limit so the phrase does not become empty hedging.
It is worth noting that...	Formal	Communication	Follow with a complete clause that adds a relevant detail. Avoid using it before every point.
Contrary to popular belief,...	Neutral	Opinions & evidence	The following clause should challenge a genuinely common belief, not simply introduce any new fact.
In light of...	Formal	Change & decisions	Follow 'of' with a noun or noun phrase: in light of the evidence. American English also uses 'in light of'.
With regard to...	Formal	Communication	Follow 'to' with a noun or -ing form. Keep 'regard' singular in this expression.
In terms of...	Neutral	Communication	Follow 'of' with the aspect being compared, such as cost or reliability. Avoid overusing it as a filler.
On the one hand..., on the other hand...	Neutral	Opinions & evidence	Use for two contrasting sides of the same issue. Keep both sides clear and balanced.
Not only..., but also...	Neutral	Communication	Keep the two parts grammatically parallel. Fronted 'Not only' causes inversion: Not only did it help...
The more..., the more...	Neutral	Opinions & evidence	Use comparative forms in both clauses. Other combinations include 'the less' and 'the better'.
Had it not been for...	Formal	Change & decisions	Pattern: Had it not been for + noun, subject + would have + past participle. This replaces 'If it had not been for'.
Were it not for...	Formal	Change & decisions	Pattern: Were it not for + noun, subject + would + base verb. Use for a present hypothetical condition.
There is no denying that...	Neutral	Opinions & evidence	Follow 'that' with a complete clause. It signals strong confidence, so support disputed claims.
It goes without saying that...	Neutral	Communication	Use sparingly for shared assumptions. Avoid dismissing a point that others may legitimately question.
What matters most is...	Neutral	Change & decisions	Follow 'is' with a noun phrase or a clause: what matters most is whether it works.
The extent to which...	Formal	Opinions & evidence	Follow with statement word order. It refers to degree, not a yes/no condition.
This can be attributed to...	Formal	Opinions & evidence	Follow 'to' with a noun or -ing form. Introduces a proposed cause; distinguish evidence from speculation.
This is largely due to...	Formal	Opinions & evidence	Follow 'to' with a noun phrase. 'Largely' identifies the main cause while allowing other influences.
One possible explanation is that...	Formal	Opinions & evidence	Follow with a complete clause. The wording intentionally presents a hypothesis rather than a proven cause.
A key distinction lies in...	Formal	Opinions & evidence	Follow 'in' with a noun phrase or a question clause: lies in how the data is collected.
It remains to be seen whether...	Formal	Change & decisions	Use statement word order after 'whether'. Appropriate for a future result that is still uncertain.
There is little doubt that...	Formal	Opinions & evidence	Follow with a complete clause. This is a strong claim, not a cautious possibility.
By no means...	Formal	Communication	When fronted, invert the subject and auxiliary: By no means is this certain. Within a clause, no inversion is needed.
Under no circumstances...	Formal	Communication	When fronted, use inversion: Under no circumstances should you share it. Expresses a strong prohibition.
Only after... did...	Formal	Communication	Fronted 'Only after' triggers inversion in the main clause: Only after the audit did we discover the error.
Little did... know...	Formal	Communication	Pattern: Little did + subject + know + that-clause. Usually describes unexpected later events.
No sooner had... than...	Formal	Communication	Use past perfect with inversion in the first clause and 'than' before the second event.
Hardly had... when...	Formal	Communication	Use past perfect with inversion in the first clause and 'when', not 'than', before the second event.
Much as...	Formal	Opinions & evidence	Follow with a subject and verb: Much as I admire it, ... The main clause introduces a concession.
While it may be true that...	Formal	Opinions & evidence	Acknowledge one point before adding a limitation. Complete the contrast rather than stopping at the concession.
That said,...	Neutral	Opinions & evidence	Use after an earlier statement to introduce a qualification. In writing, it usually begins a new sentence.
Be that as it may,...	Formal	Opinions & evidence	Accept an earlier point temporarily, then return to a contrasting argument. Can sound stiff in casual speech.
For the sake of...	Neutral	Change & decisions	Follow 'of' with a noun: for the sake of clarity. Identifies the purpose or beneficiary of an action.
At the expense of...	Neutral	Change & decisions	Follow 'of' with the thing being sacrificed. The expression implies a trade-off with a cost.
In the absence of...	Formal	Change & decisions	Follow 'of' with something missing or unavailable. Useful for explaining a limitation.
In response to...	Neutral	Communication	Follow 'to' with a noun or -ing form. Identifies the trigger for an action, not just its purpose.
In keeping with...	Formal	Change & decisions	Follow 'with' with a principle, tradition, or policy. Means consistent with it.
Regardless of whether...	Neutral	Change & decisions	Follow with a complete clause. The result stays the same under either alternative.
Provided that...	Formal	Change & decisions	Follow with a complete clause. In a future condition, normally use present tense: provided that it works.
As long as...	Neutral	Change & decisions	In the condition sense, follow with a complete clause. Future conditions normally use present tense.
Insofar as...	Formal	Opinions & evidence	Use to limit how far a claim applies. Formal writing; 'to the extent that' is a common alternative.
To the best of my knowledge,...	Neutral	Opinions & evidence	Use when giving information you believe is accurate while acknowledging incomplete knowledge.
As far as ... is concerned,...	Neutral	Communication	Place the topic in the gap. A plural topic takes 'are concerned'.
There is a tendency for... to...	Formal	Opinions & evidence	Pattern: for + noun phrase + to-infinitive. Describes a repeated pattern, not a universal rule.
It would be misleading to claim that...	Formal	Opinions & evidence	Follow 'that' with the questionable claim, then explain the qualification or missing evidence.
This should not be confused with...	Formal	Communication	Follow 'with' with the contrasting concept. Explain the distinction so the reader can apply it.
Having said that,...	Neutral	Opinions & evidence	Introduces a qualification to the preceding point. Similar to 'That said' and common in speech.
by the skin of your teeth	Informal	Work & results	Use after a success that was achieved only just in time or by a very small margin.
get cold feet	Informal	Change & decisions	Pattern: get cold feet about something. Means become too nervous to continue with a plan.
go against the grain	Neutral	People & conflict	Patterns: go against the grain; go against the grain of something. Describes acting against habits or expectations.
keep something at bay	Neutral	Change & decisions	The object goes between 'keep' and 'at bay': keep stress at bay. Means prevent an unwanted thing from becoming a problem.
on the same wavelength	Neutral	People & conflict	Pattern: be on the same wavelength as someone. Describes shared ways of thinking, not necessarily identical opinions.
pull strings	Informal	People & conflict	Means use influential contacts to obtain a favor. It can imply unfair access to an opportunity.
rule of thumb	Neutral	Opinions & evidence	Pattern: as a rule of thumb. Introduces a practical guideline, not an exact or universal rule.
take something with a pinch of salt	Neutral	Opinions & evidence	The claim goes after 'take'. American English commonly uses 'with a grain of salt'. Means remain doubtful.
weather the storm	Neutral	Work & results	Use for surviving a difficult period or serious criticism. Often followed by an explanation of the challenge.
a wake-up call	Neutral	Change & decisions	Pattern: a wake-up call for/to someone. Describes an event that shows urgent change is needed.
cross that bridge when we come to it	Informal	Change & decisions	A complete saying used to postpone dealing with a possible future problem until it actually arises.
have a lot on your plate	Informal	Work & results	The possessive changes with the subject. Describes having many responsibilities or problems to manage.
